Company Name,industry,ebitdaMargins,profitMargins,grossMargins,operatingCashflow,revenueGrowth,operatingMargins,ebitda,grossProfits,freeCashflow,currentPrice,earningsGrowth,currentRatio,returnOnAssets,debtToEquity,returnOnEquity,totalCash,totalDebt,totalRevenue,totalCashPerShare,revenuePerShare,quickRatio,enterpriseToRevenue,enterpriseToEbitda,forwardEps,sharesOutstanding,bookValue,trailingEps,priceToBook,heldPercentInsiders,enterpriseValue,earningsQuarterlyGrowth,pegRatio,forwardPE,marketCap
Apple Inc.,Consumer Electronics,0.34,0.27,0.43,112241,0.11,0.31,128217,152836,80153,174.72,0.25,1.04,0.2,170.71,1.46,63913,122798,378323,3.92,22.84,0.88,7.69,22.7,6.56,16319,4.4,6.01,39.69,0,2910217,0.2,1.9,26.63,2851325
Microsoft Corporation,SoftwareInfrastructure,0.49,0.38,0.69,83909,0.2,0.43,90829,115856,46479,303.68,0.22,2.25,0.15,50.22,0.49,125348,80353,184902,16.72,24.59,2.05,12.07,24.57,10.75,7496,21.34,9.39,14.23,0,2231653,0.21,1.87,28.25,2276649
Alphabet Inc.,Internet Content and Information,0.35,0.3,0.57,91652,0.32,0.31,91144,146698,49490,2830.43,0.38,2.93,0.14,11.33,0.32,139649,28508,257637,211.28,385.89,2.8,6.83,19.31,136.06,315,380.04,112.2,7.45,0,1759692,0.36,1.22,20.8,1872632
Alphabet Inc.,Internet Content and Information,0.35,0.3,0.57,91652,0.32,0.31,91144,146698,49490,2833.46,0.38,2.93,0.14,11.33,0.32,139649,28508,257637,211.28,385.89,2.8,6.84,19.33,135.95,300,380.04,112.2,7.46,0.08,1761694,0.36,1.22,20.84,1871194
"Amazon.com, Inc.",Internet Retail,0.13,0.07,0.42,46327,0.09,0.05,59174,197478,-787,3295.47,0.97,1.14,0.04,100.86,0.29,96048,139439,469822,188.76,928.5,0.91,3.66,29.07,72.85,508,271.6,64.81,12.13,0.1,1720271,0.98,1.93,45.24,1676880
"Tesla, Inc.",Auto Manufacturers,0.16,0.07,0.23,9931,0.57,0.1,7266,6630,4644,1010.64,4.33,1.38,0.06,35.65,0.16,16094,10158,46848,16.03,48.27,1,24.55,158.25,8.76,1004,26.94,3.06,37.51,0.2,1149996,3.89,2.52,115.37,1014945
NVIDIA Corporation,Semiconductors,0.4,0.34,0.64,8142,0.5,0.35,9758,10557,5935,276.92,0.83,7.14,0.16,49.7,0.42,19298,11827,24273,7.72,9.75,6.44,29.86,74.27,5.21,2492,9.51,3.24,29.11,0.04,724779,0.84,1.71,53.15,690084
"Meta Platforms, Inc.",Internet Content and Information,0.46,0.33,0.81,57683,0.2,0.4,54720,95280,28807,221.82,-0.05,3.15,0.18,11.57,0.31,47998,14454,117929,17.63,41.89,2.94,4.59,9.88,14.23,2366,47.75,13.97,4.65,0.01,540867,-0.08,1.13,15.59,617050
UnitedHealth Group Incorporated,Healthcare Plans,0.09,0.06,0.24,25226,0.11,0.08,24195,67000,24690,513.03,0.3,0.72,0.07,62.93,0.22,23871,46965,279320,25.34,295.5,0.66,1.75,20.24,21.65,941,74.61,16.11,6.88,0.01,489802,0.29,1.84,23.7,483197
Johnson & Johnson,Drug ManufacturersGeneral,0.35,0.22,0.68,23410,0.1,0.27,32636,64020,18816,176.92,1.72,1.35,0.09,46.95,0.3,31608,34751,93775,12.02,35.63,1.04,4.47,12.84,10.38,2632,26.69,6.69,6.63,0,418935,1.73,2.13,17.04,465759
Procter & Gamble Company ,Household andPersonal Products,0.27,0.19,0.49,17972,0.06,0.23,21170,39144,11721,152.83,0.13,0.67,0.1,79.42,0.31,11544,35653,78346,4.82,32.17,0.44,4.96,18.38,6.36,2419,18.7,5.47,8.17,0,389018,0.1,3.98,24.03,369840
Mastercard Incorporated,Credit Services,0.58,0.46,1,9463,0.27,0.54,10993,18884,8458,349.02,0.35,1.29,0.18,197.96,1.25,7894,14673,18883,8.08,19.11,0.93,19.04,32.71,10.53,974,6.81,8.13,51.22,0.11,359572,0.33,1.73,33.15,342932
"Home Depot, Inc. ",Home Improvement Retail,0.17,0.11,0.34,14810,0.1,0.16,25693,44853,9990,310.68,0.23,1.13,0.2,4373.43,12.4,5066,45265,147699,4.85,138.98,0.32,3.19,18.34,16.19,1044,0.99,14.96,314.14,0,471301,0.2,1.95,19.19,324424
"Pfizer, Inc.",Drug ManufacturersGeneral,0.39,0.29,0.65,32291,1.34,0.32,27306,33334,42431,52.78,4.47,1.38,0.08,52.5,0.28,29702,39879,69336,5.29,12.41,1.09,4.57,11.59,49.43,5612,13.49,3.5,3.91,0,316521,4.54,0.01,1.07,296247
Eli Lilly and Company,Drug ManufacturersGeneral,0.35,0.22,0.76,6919,0.18,0.29,9656,19056,3820,289.02,-0.08,1.3,0.11,215.45,0.92,3852,17137,27758,4.25,30.58,0.79,8.96,25.74,7.49,956,8.55,6.55,33.8,0,248588,-0.08,5.2,38.59,276474
Coca-Cola Company ,Beverages Non Alcoholic,0.35,0.23,0.61,12855,0.16,0.31,13306,19581,7007,61.53,0.42,1.52,0.08,172.83,0.4,14871,41708,37802,3.44,8.77,1.17,7.65,21.73,2.43,4319,5.13,2.03,11.98,0.01,289208,0.42,2.72,25.32,265773
Broadcom Inc.,Semiconductors,0.54,0.25,0.74,13764,0.14,0.32,14723,20288,11868,628.87,0.52,2.64,0.07,161.16,0.28,12163,40273,27449,29.46,66.95,2.27,9.65,17.99,36.05,412,60.44,15,10.4,0.02,264887,0.5,1.38,17.44,259644
Costco Wholesale Corporation,Discount Stores,0.05,0.03,0.13,9569,0.17,0.04,9413,25245,687,555.71,0.14,1.01,0.08,53.24,0.31,13475,10115,203084,30.39,458.23,0.46,1.1,23.84,13.96,443,41.64,11.63,13.35,0,224390,0.14,4.42,39.81,246419
"Pepsico, Inc.",Beverages Non Alcoholic,0.18,0.11,0.54,11124,0.12,0.15,13886,38637,4287,165.24,-0.03,0.94,0.08,258.02,0.55,6849,41257,76681,4.95,55.55,0.65,3.57,19.73,6.74,1382,11.48,5.87,14.39,0,274041,-0.03,2.85,24.52,228469
"Cisco Systems, Inc.",Communication Equipment,0.31,0.22,0.64,14785,0.08,0.28,15864,31894,10929,54.97,0.37,1.62,0.09,25.03,0.28,23352,10689,50788,5.54,12.04,1.41,4.23,13.53,3.68,4217,10.13,2.69,5.43,0,214665,0.37,2.73,14.94,231842
Thermo Fisher Scientific Inc,Diagnostics and Research,0.33,0.2,0.52,9543,0.01,0.26,12817,20234,5478,574.29,-0.33,1.5,0.08,85.1,0.2,4477,34870,39210,11.36,99.52,0.93,6.21,18.99,21.73,394,98.24,21.54,5.85,0,243341,-0.34,2.23,26.43,226297
Accenture plc,Information Technology Services,0.17,0.12,0.32,7903,0.27,0.15,9030,16364,6319,327.71,0.2,1.22,0.12,16.61,0.32,5644,3477,53736,8.93,84.72,1.1,4.2,24.98,10.45,632,32.2,9.61,10.18,0,225603,0.19,3.82,31.36,207279
Verizon Communications Inc.,Telecom Services,0.37,0.16,0.58,40458,0.04,0.25,50295,77091,-24466,51.28,0.47,0.97,0.07,228.04,0.31,10152,178985,134238,2.45,32.41,0.8,2.92,7.79,5.4,4197,18.61,5.32,2.76,0,391651,0.47,2.62,9.5,215261
Salesforce.com Inc,SoftwareApplication,0.14,0.07,0.74,6192,0.27,0.04,3404,15814,8601,211.03,-0.59,1.06,0.01,25.13,0.04,9390,14338,24982,9.53,26.63,0.89,8.39,61.59,4.71,985,57.98,1.82,3.64,0.03,209728,-0.57,5.29,44.8,207864
Comcast Corporation,Entertainment,0.29,0.13,0.67,26499,0.19,0.18,33387,70443,10249,47.13,0.95,1.03,0.05,104.66,0.15,11806,102386,113757,2.58,24.78,0.89,2.87,9.77,3.69,4559,20.96,3.11,2.25,0.01,326278,1,0.87,12.77,215333
Intel Corporation,Semiconductors,0.43,0.25,0.55,29991,0.03,0.28,33873,43815,1480,51.83,-0.21,2.1,0.09,40.51,0.23,28412,38641,79023,6.98,19.47,1.38,2.58,6.03,3.7,4067,22.15,5.16,2.34,0,204177,-0.21,3.18,14.01,210792
Abbott Laboratories,Medical Devices,0.29,0.17,0.57,11264,0.23,0.21,12366,19611,8126,118.95,0.7,1.83,0.08,53.11,0.22,9692,18397,42308,5.48,23.82,1.25,5.88,20.14,4.76,1768,19.47,4.03,6.11,0.01,249001,0.7,2.03,24.99,210338
"Nike, Inc.",Footwear andAccessories,0.17,0.13,0.46,7170,0.01,0.16,7982,20001,4678,133.7,0.06,3.07,0.12,85.25,0.48,15102,12723,46306,9.55,29.3,2.13,4.74,27.47,4.82,1277,9.43,3.81,14.18,0.01,219285,0.07,2.89,27.74,211623
Danaher Corporation,Diagnostics and Research,0.35,0.22,0.61,8358,0.2,0.28,10336,18056,5476,287.53,0.44,1.43,0.06,51.51,0.15,2585,23272,29453,3.62,41.22,0.89,7.2,20.52,10.14,714,56.24,7.88,5.11,0.11,212116,0.44,1.46,28.36,205462
"Merck & Company, Inc.",Drug ManufacturersGeneral,0.4,0.14,0.73,13084,0.2,0.34,21056,34572,9870,81.34,0.55,1.31,0.12,73.73,0.26,10042,26441,52607,3.98,20.79,0.87,4.01,10.02,7.2,2525,14.17,2.83,5.74,0,210990,0.55,0.87,11.3,205459
"United Parcel Service, Inc.",Integrated Freight andLogistics,0.12,0.07,0.2,12937,0.09,0.08,10874,11490,3207,215.35,0.18,1.48,0.08,212.38,0.73,10560,25607,94411,12.15,108.15,1.38,2.16,18.75,12.1,729,13.86,7.36,15.54,0,203918,0.19,1.07,17.8,187169
QUALCOMM Incorporated,Semiconductors,0.35,0.28,0.58,9418,0.3,0.31,12750,19304,8092,157.97,0.41,1.65,0.17,138.97,1.07,11310,15750,36036,10.04,31.93,1.25,4.82,13.62,11.64,1120,8.84,7.87,17.86,0,173602,0.39,0.68,13.57,176926
Union Pacific Corporation,Railroads,0.53,0.3,0.58,9032,0.12,0.43,11571,12747,4763,273.38,0.3,0.62,0.09,222.36,0.42,1006,31488,21803,1.58,33.35,0.47,8.47,15.96,11.38,642,21.6,9.34,12.66,0,184668,0.24,1.52,24.02,175749
Texas Instruments Incorporated,Semiconductors,0.54,0.42,0.67,8756,0.18,0.49,9918,12376,4189,184.9,0.26,5.33,0.26,61.55,0.69,9738,8206,18343,10.54,19.87,4.45,8.47,15.67,8.23,923,13.16,7.79,14.05,0,155451,0.27,2.41,22.47,170759
AT&T Inc.,Telecom Services,0.31,0.01,0.52,40785,-0.06,0.19,53029,91840,41733,23.84,1.11,0.7,0.04,115.57,0.01,21334,209536,173596,2.99,24.24,0.51,2.26,7.41,3.21,7141,22.94,0.13,1.04,0,392898,1.1,2.17,7.43,170241
"Netflix, Inc.",Entertainment,0.23,0.18,0.43,658,0.16,0.23,6693,9719,14542,373.85,0.83,1.17,0.1,117.58,0.39,7526,18007,28632,16.99,64.66,1.03,9.51,40.69,13.09,442,34.57,11.09,10.81,0.01,272331,0.83,1.29,28.56,165597
"NextEra Energy, Inc.",UtilitiesRegulated Electric,0.43,0.14,0.5,7588,-0.09,0.17,7016,10707,-10548,83.94,-0.63,0.47,0.01,123.73,0.04,692,55341,16417,0.35,8.37,0.22,14.07,32.93,2.74,1962,18.68,0.61,4.49,0,231018,-0.64,3.6,30.64,164702
"T-Mobile US, Inc.",Telecom Services,0.33,0.04,0.57,13917,0.02,0.12,26377,45546,-246,124.29,-0.43,0.89,0.03,157.47,0.04,6631,108817,80117,5.31,64.24,0.67,3.2,9.71,3.24,1249,54.78,2.66,2.27,0.53,256136,-0.44,1.15,38.36,155244
Raytheon Technologies Corporati,Aerospace andDefense,0.17,0.05,0.18,5289,0.1,0.1,11009,9017,4755,102.43,4.3,1.23,0.03,44.94,0.05,7475,32789,63763,4.99,42.42,0.82,2.54,14.7,4.99,1496,47.6,2.2,2.15,0,161814,4.28,0.94,20.53,153315
"Advanced Micro Devices, Inc.",Semiconductors,0.25,0.19,0.48,3521,0.49,0.22,4055,7929,3122,119.67,-0.45,2.02,0.21,9.76,0.47,3608,732,16433,3.01,13.55,1.49,8.09,32.77,3.34,1207,5.89,3.24,20.32,0,132861,-0.45,1.55,35.83,144514
Medtronic plc.,Medical Devices,0.3,0.15,0.68,7162,0.03,0.22,9596,19762,5072,108.46,1.69,2.91,0.05,49.12,0.09,10668,25623,31797,7.93,23.63,2.07,4.96,16.43,6.16,1344,38.66,3.47,2.81,0,157658,1.68,1.63,17.61,145830
CVS Health Corporation,Healthcare Plans,0.06,0.03,0.17,17827,0.1,0.05,17824,48248,14704,108.56,0.29,0.94,0.04,105.41,0.11,12840,78658,283980,9.72,215.71,0.59,0.72,11.44,8.27,1320,56.25,5.73,1.93,0,203894,0.31,2.27,13.13,143305
S&P Global Inc.,Financial Data andStock Exchanges,0.57,0.36,0.74,3598,0.12,0.55,4710,6102,2827,413.47,0.49,2.31,0.21,89.81,0.73,6508,4972,8296,26.99,34.46,2.14,11.44,20.16,14.63,241,7.66,11.6,54.01,0,94945,0.49,3.61,28.26,99646
"PayPal Holdings, Inc.",Credit Services,0.21,0.2,0.48,5924,0.13,0.17,5190,10001,3478,113.76,0.07,1.3,0.04,43.9,0.24,13292,9698,24568,11.31,20.93,0.34,8.99,42.58,5.27,1174,18.82,4.16,6.05,0,220982,0.07,2.02,21.59,133660
Honeywell International Inc.,Conglomerates,0.25,0.16,0.32,6157,0.09,0.22,8730,10468,4935,197.79,0.68,1.29,0.07,122.85,0.3,12135,22261,34635,17.63,49.78,0.97,4.46,17.67,8.98,688,25.92,7.77,7.63,0,154284,0.66,2.27,22.03,136163
Amgen Inc.,Drug ManufacturersGeneral,0.48,0.22,0.75,8606,0.04,0.35,12275,19265,7394,238.79,-0.04,1.64,0.09,457.33,0.58,12920,37579,25767,22.94,44.89,1.19,6.07,12.74,17.95,563,14.54,9.7,16.42,0,156366,-0.07,2.28,13.3,134502
Deere & Company,Farm andHeavy Construction Machinery,0.21,0.14,0.28,7726,0.16,0.18,9040,12188,1230,436.45,0.72,2.19,0.06,264.86,0.38,7434,48825,43955,24.19,141.06,1.94,3.67,17.86,25.12,307,59.83,18.99,7.3,0,161453,0.69,1.34,17.37,134167
Intuit Inc.,SoftwareApplication,0.28,0.2,0.83,3350,0.52,0.24,2889,8000,2693,459.35,0.09,2.1,0.13,25.76,0.28,3249,2507,10316,11.48,37.86,1.76,16.9,60.33,13.64,283,35.62,7.58,12.89,0.03,174345,0.15,3.04,33.68,130072
"Applied Materials, Inc.",Semiconductor Equipment andMaterials,0.33,0.26,0.47,5442,0.31,0.31,7650,10926,3319,137.06,0.53,2.54,0.19,46.98,0.52,5458,5753,23062,6.14,25.34,1.67,5.94,17.89,8.85,888,13.73,6.4,9.98,0,136894,0.51,1.17,15.49,121779
"Anthem, Inc.",Healthcare Plans,0.07,0.04,0.26,10505,0.15,0.06,8753,33823,7365,480.76,6.05,1.48,0.05,66.28,0.16,33956,23732,133883,139.9,546.24,1.33,0.76,11.54,28.65,242,147.16,22.23,3.27,0,101050,5.8,1.31,16.78,116687
Lockheed Martin Corporation,Aerospace andDefense,0.13,0.09,0.14,9221,0.04,0.12,9009,9097,4841,453.66,0.17,1.42,0.1,119.56,0.74,3604,13102,67043,13.23,242.56,1.15,2.04,15.14,26.28,275,35.15,21.71,12.91,0,136443,0.14,3.22,17.26,125113
"Caterpillar, Inc.",Farm andHeavy Construction Machinery,0.18,0.13,0.29,7198,0.23,0.13,9230,15003,5983,223.36,1.76,1.46,0.05,228.8,0.41,9253,37789,50971,17.18,93.7,0.89,2.71,14.98,10.9,540,30.81,9.35,7.25,0,138267,1.72,0.65,20.49,120824
International Business Machines,Information Technology Services,0.21,0.06,0.48,16112,0,0.12,15658,35575,12530,131.35,-0.34,0.84,0.04,263.8,0.21,8055,58978,74461,8.98,83.23,0.65,2.35,11.16,10.3,896,24.79,5.28,5.3,0,174828,-0.34,2.07,12.75,117731
"ServiceNow, Inc.",SoftwareApplication,0.12,0.04,0.77,2033,0.31,0.04,679,3532,2109,561.87,4.17,1.13,0.02,63.02,0.07,3031,2227,5532,15.23,28.16,1,21.58,175.75,7.22,199,17.76,1.09,31.64,0,119377,3.85,3.88,77.82,111812
"Prologis, Inc.",REITIndustrial,0.69,0.4,0.75,2884,0.1,0.36,3383,3566,4072,157.33,1.42,0.85,0.02,47.76,0.06,585,17555,4905,0.79,6.64,0.4,28.6,41.48,2.31,739,43.88,2.64,3.59,0.01,140316,1.39,-11.62,68.11,116318
"BlackRock, Inc.",Asset Management,0.41,0.31,0.51,5006,0.16,0.39,7712,8266,5881,741.04,0.23,1.43,0.03,21.95,0.17,7157,8421,18745,47.11,123,0.62,7.58,18.43,42.25,151,242.24,37.61,3.06,0.01,142154,0.23,1.8,17.54,112576
American Tower Corporation ,REITSpecialty,0.63,0.27,0.72,5273,0.22,0.39,5717,5814,5150,240.69,0.52,0.77,0.04,434.98,0.34,3277,42143,9034,7.2,20.14,0.67,19.03,30.07,5.46,455,11.88,5.51,20.26,0,171920,0.56,2.96,44.08,109613
"Charter Communications, Inc.",Entertainment,0.39,0.08,0.45,16162,0.09,0.21,20028,21198,6336,558.26,0.67,0.29,0.05,417.43,0.18,466,89856,51093,2.6,270.34,0.25,4.03,10.28,31.27,179,94.98,21.94,5.88,0.32,205917,0.5,0.77,17.85,100091
"Intuitive Surgical, Inc.",Medical Instruments andSupplies,0.37,0.3,0.69,2089,0.17,0.32,2128,3958,1597,286.87,0.02,5.08,0.09,0.73,0.16,4230,87,5710,11.83,16.04,4.46,17.62,47.27,5.57,357,31.94,4.64,8.98,0.01,100614,0.04,4.15,51.5,102480
Target Corporation,Discount Stores,0.11,0.07,0.29,9078,0.13,0.08,11166,27384,5191,218.61,0.51,0.97,0.1,112.29,0.5,5765,15499,103348,12.03,209.08,0.25,0.98,9.09,13.38,479,28.7,13.59,7.62,0,101510,0.47,1.19,16.34,104741
"Estee Lauder Companies, Inc.",Household andPersonal Products,0.23,0.18,0.76,3192,0.23,0.19,3955,12391,2091,274.89,0.32,1.78,0.1,114.93,0.53,4004,7996,17045,11.12,46.97,1.18,8.14,35.07,8.53,231,16.86,8.25,16.3,0.01,138718,0.32,3.39,32.23,98945
Stryker Corporation,Medical Devices,0.28,0.11,0.66,3500,0.11,0.22,4633,9158,3139,266,-0.3,2.13,0.07,92.09,0.14,2639,13057,16668,7,44.26,1.23,6.91,24.86,10.17,377,37.58,4.97,7.08,0.07,115203,-0.29,2.29,26.16,100345
Booking Holdings Inc. Common St,Travel Services,0.22,0.04,0.75,1964,0.77,0.17,2028,4852,2417,2247.93,-0.05,2.48,0.04,208.01,0.07,12165,11534,9214,296.25,224.7,2.37,10.92,49.58,100.38,41,135.04,9.25,16.65,0,100587,-0.04,0.27,22.39,92299
"Automatic Data Processing, Inc.",Staffing andEmployment Services,0.26,0.17,0.45,3121,0.09,0.23,4094,6768,3923,219.04,0.09,1.04,0.04,68.33,0.5,1764,3450,15696,4.2,37.14,0.09,5.67,21.74,7.47,421,12.68,6.32,17.28,0,89013,0.07,2.58,29.32,92299
Chubb Limited,InsuranceProperty andCasualty,0.2,0.22,0.28,11093,0.14,0.19,8146,7110,12054,217.78,0.59,0.34,0.03,32.67,0.15,5149,19377,40372,11.95,90.62,0.15,2.57,12.72,14.45,430,137.67,19.67,1.58,0,103619,0.54,0.52,15.07,93806
Zoetis Inc.,Drug ManufacturersSpecialty andGeneric,0.41,0.26,0.7,2213,0.09,0.36,3207,5481,1407,189.43,0.16,3.86,0.13,149.47,0.49,3496,6792,7776,7.41,16.39,2.58,12.37,30,5.19,473,9.88,4.15,19.17,0,96198,0.15,3.84,36.5,89624
CME Group Inc.,Financial Data andStock Exchanges,0.64,0.53,1,2394,0.03,0.55,2975,4870,1755,247.72,1.24,1.01,0.01,14.81,0.09,1569,4040,4630,4.37,12.93,0.01,18.05,28.09,7.33,359,76.08,6.78,3.26,0,83590,1.25,6.61,33.8,89030
"Micron Technology, Inc.",Semiconductors,0.51,0.25,0.42,14439,0.33,0.29,14988,10472,1410,78.1,1.87,3.1,0.09,16.56,0.17,9580,7603,29618,8.55,26.42,2.28,2.79,5.52,11.51,1120,41.03,6.46,1.9,0,82790,1.87,0.45,6.79,87485
"Analog Devices, Inc.",Semiconductors,0.39,0.19,0.62,2735,0.53,0.24,2848,4525,1119,165.63,-0.85,1.94,0.03,18.74,0.06,1977,7118,7318,3.77,18.41,1.24,12.89,33.12,8.51,525,72.32,3.46,2.29,0,94330,-0.8,1.57,19.46,87010
"Mondelez International, Inc.",Confectioners,0.22,0.16,0.4,4369,0.08,0.18,6192,10446,3557,61.52,0.14,0.73,0.05,73.83,0.16,3400,20492,28359,2.44,20.09,0.47,3.87,17.74,3.1,1394,19.86,3.14,3.1,0,109842,0.12,2.62,19.85,85818
3M Company,Conglomerates,0.29,0.17,0.48,7964,0.07,0.23,10108,15685,5780,150.46,0,1.71,0.11,130.81,0.45,5734,19007,35326,9.95,60.91,1.1,3.32,11.6,10.37,576,25.09,10.11,6,0,117201,0,2.37,14.51,86703
Duke Energy Corporation (Holdin,UtilitiesRegulated Electric,0.47,0.13,0.5,9317,0.03,0.24,11422,11596,-2255,109.13,0.03,0.61,0.02,128.98,0.06,552,66090,24220,0.72,31.77,0.26,6.15,13.04,5.47,769,61.57,3.91,1.77,0,148990,0.08,7.89,19.95,83958
"Marsh & McLennan Companies, Inc",Insurance Brokers,0.28,0.16,0.44,3516,0.16,0.24,5498,8710,3870,166.11,1.14,1.24,0.09,117.29,0.31,1752,13162,19819,3.48,39.09,1.15,4.44,15.99,6.73,504,19.26,5.29,8.63,0,87947,1.15,2.11,24.68,83868
CSX Corporation,Railroads,0.55,0.3,0.55,4954,0.24,0.43,6522,5795,2324,36.92,0.34,1.72,0.08,128.11,0.28,2179,16875,11920,0.98,5.25,1.54,8.2,14.98,1.78,2217,5.93,1.59,6.22,0,97746,0.32,1.38,20.74,81887
Lam Research Corporation,Semiconductor Equipment andMaterials,0.33,0.27,0.46,3403,0.35,0.31,5207,6805,1959,554.82,0.48,3.27,0.2,85.83,0.76,4611,4995,15753,32.75,110.38,2.35,6.39,19.32,36.65,140,41.33,29.59,13.42,0,100632,0.43,1.28,15.14,78118
Cigna Corporation,Healthcare Plans,0.06,0.05,0.14,7210,0.08,0.05,10154,24356,9887,243.58,0.27,0.7,0.03,73.54,0.18,4816,34917,170397,14.53,493.03,0.58,0.62,10.48,22.46,331,143.07,24.03,1.7,0.02,106403,0.17,1.04,10.85,80729
Intercontinental Exchange Inc.,Financial Data andStock Exchanges,0.61,0.44,1,3196,0.28,0.49,4236,6036,2654,135.26,0.58,1.01,0.02,66.88,0.15,1319,14499,6976,2.34,12.4,0.02,12.73,20.97,5.55,563,38.36,5.42,3.53,0.01,88835,0.62,2.3,24.37,76206
Crown Castle International Corp,REITSpecialty,0.57,0.17,0.69,2727,0.11,0.32,3612,4347,1362,177.58,-0.3,0.62,0.03,327.06,0.13,292,27009,6339,0.68,14.68,0.46,16.2,28.43,3.31,432,19.7,2.87,9.01,0,102717,-0.3,4.34,53.65,76750
"Becton, Dickinson and Company",Medical Instruments andSupplies,0.28,0.1,0.47,4647,0.07,0.17,5641,9576,3650,265.67,1.41,1.33,0.04,76.36,0.09,2295,18080,20248,8.08,69.99,0.72,4.48,16.07,13.68,285,83.22,6.85,3.19,0.01,90681,1.07,2.23,19.42,75727
"Freeport-McMoRan, Inc.",Copper,0.46,0.19,0.47,7715,0.37,0.36,10506,10813,6041,51.93,0.54,2.52,0.11,42.44,0.26,8182,9769,22844,5.62,15.58,1.68,3.46,7.51,3.55,1468,9.1,2.64,5.71,0.01,78927,0.56,0.48,14.63,76257
"Gilead Sciences, Inc.",Drug ManufacturersGeneral,0.54,0.27,0.83,10095,0.13,0.47,14926,20998,8185,58.91,6.15,1.37,0.13,128.95,0.38,6608,27686,27481,5.27,21.88,1.09,4.06,7.48,6.8,1254,17.11,5.84,3.44,0,111657,6.2,6.77,8.66,73895
"Regeneron Pharmaceuticals, Inc.",Biotechnology,0.57,0.5,0.67,7081,1.04,0.56,9233,10726,4279,680.03,0.92,3.56,0.26,14.38,0.54,5694,2700,16071,53.5,152.05,2.98,3.92,6.83,47.81,105,163.52,62.53,4.16,0.03,63040,0.94,0.67,14.22,73132
"TJX Companies, Inc. ",Apparel Retail,0.1,0.06,0.35,2232,0.24,0.08,4706,10508,1070,61.29,0.18,1.29,0.08,198.94,0.44,6791,12821,45638,5.69,37.92,0.66,2.14,20.73,3.35,1192,5.4,2.17,11.36,0,97547,0.18,0.19,18.3,73111
Norfolk Southern Corporation,Railroads,0.51,0.27,0.51,4183,0.14,0.41,5570,4632,2002,283.36,0.38,1.13,0.07,103.45,0.2,1464,14366,10862,6.02,43.5,1,7.83,15.27,13.74,243,57.07,11.62,4.97,0,85086,0.32,1.39,20.62,68954
Northrop Grumman Corporation,Aerospace andDefense,0.24,0.2,0.2,3567,-0.15,0.21,8734,7268,6460,458.18,7.7,1.3,0.11,113.39,0.6,3529,14657,35667,22.61,222.5,1.16,2.4,9.82,25.08,157,71.91,28.35,6.37,0,85735,7.21,2.48,18.27,72089
Edwards Lifesciences Corporatio,Medical Devices,0.33,0.29,0.76,1732,0.12,0.3,1721,3983,1008,112.37,0.1,3.08,0.13,11.83,0.29,1466,690,5232,2.35,8.39,2.06,12.76,38.78,2.58,624,8.88,2.33,12.66,0.01,66748,0.08,3.7,43.55,70156
General Dynamics Corporation,Aerospace andDefense,0.14,0.08,0.17,4251,-0.02,0.11,5271,6408,2937,244.36,-0.03,1.43,0.05,74.68,0.2,1603,13175,38469,5.78,137.18,0.94,2.08,15.2,12.45,279,56.4,11.65,4.33,0.06,80112,-0.05,2.15,19.63,68230
Progressive Corporation ,InsuranceProperty andCasualty,0.1,0.07,0.1,7762,0.09,0.09,4766,4681,11285,116.67,-0.43,0.34,0.04,27.86,0.19,1129,5080,47676,1.93,81.57,0.22,1.4,14,4.65,584,30.88,6.88,3.78,0,66741,-0.43,-2.77,25.09,68181
"Dominion Energy, Inc.",UtilitiesRegulated Electric,0.45,0.19,0.49,3952,-0.12,0.26,6185,7399,2827,83.97,0.94,0.7,0.02,152.62,0.1,180,41562,13605,0.22,16.83,0.17,7.95,17.49,4.13,809,30.27,3.17,2.77,0,108183,0.84,2.9,20.33,68007
Illinois Tool Works Inc.,Specialty Industrial Machinery,0.28,0.19,0.42,2556,0.07,0.25,3959,5199,1769,211.75,0.1,2.19,0.15,216.18,0.88,1987,7551,14250,6.33,45.11,1.57,5.82,20.96,9.09,313,11.12,8.6,19.03,0,82967,0.1,2.1,23.29,66464
Public Storage,REITIndustrial,0.71,0.51,0.74,2327,0.23,0.51,2352,2116,1662,376,0.79,2.08,0.08,63.88,0.19,958,5773,3327,5.46,19.05,2.02,21.89,30.98,9.17,175,28.58,8.37,13.16,0.14,72859,0.51,2.41,41,65933
"Fiserv, Inc.",Information Technology Services,0.35,0.08,0.51,3877,0.1,0.16,5599,7158,3343,100.51,0.64,1.05,0.02,64.42,0.04,933,20989,15800,1.41,23.72,0.21,5.89,16.61,6.47,660,47.87,1.93,2.1,0,93009,0.62,1.04,15.53,66359
Sherwin-Williams Company ,Specialty Chemicals,0.17,0.1,0.45,2896,0.01,0.15,3436,8682,2258,245.21,-0.26,0.83,0.09,401.78,0.57,313,10809,19671,1.2,74.3,0.45,5,28.61,10.2,262,10.28,7.3,23.84,0.09,98320,-0.29,3.07,24.04,64293
"Equinix, Inc.",REITSpecialty,0.42,0.07,0.48,2341,0.11,0.18,2775,2888,2348,710.14,1.27,1.63,0.03,142.51,0.04,1379,15062,6542,15.32,73.11,1.22,13.3,31.36,7.73,90,117.38,4.74,6.05,0,87032,1.28,3.99,91.87,63941
General Motors Company,Auto Manufacturers,0.13,0.08,0.14,15188,-0.1,0.09,16894,18079,-8245,43.65,-0.4,1.1,0.03,168.04,0.17,24675,110595,127004,16.98,87.53,0.84,1.28,9.64,6.83,1451,36.1,7.47,1.21,0.05,162941,-0.39,0.64,6.39,63373
"Waste Management, Inc.",Waste Management,0.28,0.1,0.38,4100,0.21,0.17,4931,5877,2592,156.28,0.39,0.78,0.07,181.87,0.24,116,13047,17319,0.28,41.08,0.68,4.71,16.56,5.53,418,17.15,4.12,9.11,0,81662,0.38,2.2,28.26,65374
Vertex Pharmaceuticals Incorpor,Biotechnology,0.39,0.31,0.48,2140,0.29,0.37,2770,3639,1262,253.95,0.3,4.62,0.14,9.2,0.25,6960,877,7129,27.38,27.56,4.21,7.06,18.16,13.4,254,37.2,8.34,6.83,0,50324,0.28,1.71,18.95,64567
"Activision Blizzard, Inc",Electronic Gaming andMultimedia,0.38,0.29,0.73,2893,0.06,0.36,3407,5826,2751,79.6,0.05,5.56,0.09,21.28,0.17,10000,3607,9052,12.84,11.67,5.25,5.08,13.49,3.8,778,21.77,3.37,3.66,0.01,45948,0.06,1.33,20.95,61999
Colgate-Palmolive Company,Household andPersonal Products,0.25,0.12,0.6,3325,0.02,0.22,4386,10375,2148,74.78,-0.78,1.08,0.15,808.86,2.26,871,7854,17421,1.04,20.62,0.54,4.12,16.36,3.39,842,0.7,3.14,106.68,0,71793,-0.77,4.32,22.06,63028
Moody's Corporation,Financial Data andStock Exchanges,0.52,0.35,0.74,2364,0.12,0.48,3081,3896,2333,330.51,0.02,1.52,0.14,307.87,0.97,2343,8063,5968,12.6,31.94,1.41,13.02,25.22,12.67,185,13.07,11.16,25.28,0,77716,0.01,2.51,26.09,61441
Pioneer Natural Resources Compa,Oil andGas E&P,0.38,0.12,0.53,6059,1.76,0.24,6721,9392,2933,256.71,10.42,1.52,0.09,34.31,0.12,4040,7835,17870,16.63,76.69,1.41,3.43,9.12,19.95,244,95.01,6.28,2.7,0.01,61268,16.74,0.18,12.87,62671
Schlumberger N.V.,Oil andGas Equipment andServices,0.19,0.08,0.16,4651,0.12,0.12,4469,3658,2097,43.68,0.62,1.22,0.04,98.19,0.14,3139,15009,22929,2.24,16.38,0.82,2.93,15.04,1.63,1402,9.53,1.16,4.59,0,67220,0.61,0.73,26.8,61266
Fidelity National Information S,Information Technology Services,0.28,0.03,0.37,4810,0.11,0.09,3939,5195,3742,97.45,1.97,0.74,0.01,43.92,0.01,2010,20877,13877,3.3,22.53,0.42,5.44,19.18,7.39,608,77.35,0.36,1.26,0,75542,1.8,1.16,13.19,59340
FedEx Corporation,Integrated Freight andLogistics,0.13,0.05,0.27,8987,0.14,0.09,11722,23730,2828,226.56,-0.15,1.49,0.06,147.67,0.21,6832,36829,89552,12.89,337.93,1.37,1.9,14.54,23.02,264,94.12,18.18,2.41,0.08,170382,-0.15,0.73,9.84,60031
Emerson Electric Company,Specialty Industrial Machinery,0.21,0.13,0.41,3575,0.09,0.17,3892,7563,2596,98.51,-0.08,1.35,0.08,72.89,0.25,2353,7233,18236,3.96,30.49,0.94,3.4,15.91,5.34,595,16.59,3.82,5.94,0.01,61928,-0.07,1.83,18.45,58682
"MetLife, Inc.",InsuranceLife,0.12,0.08,0.28,12409,0.06,0.11,8320,20077,6153,71.29,1.56,0.97,0.01,157.91,0.08,32913,109487,70409,39.13,80.17,0.74,1.87,15.8,7.2,841,81.76,5.99,0.87,0.16,131481,1.24,0.92,9.9,59966
Marriott International,Lodging,0.58,0.16,0.77,761,1.14,0.48,1652,1442,1404,171.52,1.18,0.5,0.03,1163.94,0.81,772,10685,2851,2.37,8.72,0.47,22.67,39.1,5.32,325,2.82,1.43,60.84,0.16,64631,1.2,0.25,32.24,55861
Humana Inc.,Healthcare Plans,0.05,0.03,0.17,2641,0.09,0.05,4198,15527,408,435.54,0.18,1.72,0.06,76.78,0.17,18023,12501,82201,140.22,634.47,1.32,0.65,12.74,24,128,126.5,20.51,3.44,0,53495,0.14,1.72,18.15,55981
KLA Corporation,Semiconductor Equipment andMaterials,0.42,0.37,0.6,2537,0.35,0.37,3113,4146,1780,366.44,1.59,2.44,0.17,91.79,0.82,2624,3542,7463,17.31,48.67,1.66,8.88,21.3,21.24,151,25.44,17.62,14.4,0,66301,1.54,1.04,17.25,55560
"Fortinet, Inc.",SoftwareInfrastructure,0.22,0.18,0.77,1429,0.33,0.19,676,2024,1050,332.73,0.29,1.8,0.08,94.32,0.6,3120,1071,3126,19.09,19.17,1.7,16.2,74.9,4.61,163,6.84,3.32,48.62,0.18,50637,0.32,4.9,72.18,54401
"Illumina, Inc.",Diagnostics and Research,0.21,0.21,0.7,669,0.4,0.16,918,2231,1485,341.72,0.72,2.68,0.04,23.95,0.12,1264,2537,4280,8.09,28.97,2.04,13.9,64.78,4.03,156,67.47,6.11,5.06,0,59471,0.77,12.09,84.79,53410
"Air Products and Chemicals, Inc",Specialty Chemicals,0.36,0.2,0.3,3342,0.23,0.23,3675,3136,397,246.56,0.25,2.99,0.06,58.57,0.15,5816,8252,10323,26.27,46.58,2.67,6.71,18.85,11.75,221,61.16,9.44,4.03,0,69293,0.25,2.22,20.98,54658
"American International Group, I",InsuranceDiversified,0.26,0.12,0.34,6193,0.3,0.17,12373,10698,10079,64.48,5.08,0.74,0.01,48.05,0.09,16392,31550,47347,19.74,54.87,0.2,1.38,5.29,5.36,830,77.03,6.38,0.84,0,65425,4.79,0.41,12.03,53537
Archer-Daniels-Midland Company,Farm Products,0.05,0.03,0.07,4983,0.34,0.03,3744,4453,-619,93.49,1.32,1.58,0.04,44.84,0.13,1140,9962,80137,2.04,142.28,0.38,0.61,13.02,4.78,559,39.3,4.63,2.38,0,48731,1.34,1.41,19.56,52302
Dollar General Corporation,Discount Stores,0.12,0.07,0.32,2719,0.04,0.1,3923,10718,936,221.47,-0.1,1.08,0.08,227.68,0.37,488,14093,33983,2.11,143.17,0.11,1.92,16.64,11.25,231,26.71,10.23,8.29,0,65288,-0.15,3.47,19.69,51315
Ecolab Inc.,Specialty Chemicals,0.22,0.09,0.41,2071,0.1,0.15,2705,4932,1310,177.59,0.32,1.72,0.06,90.91,0.18,897,6329,12433,3.13,43.48,1.19,5.81,26.72,5.97,286,24.2,3.91,7.34,0,72295,0.32,2.63,29.75,50891
"Synopsys, Inc.",SoftwareInfrastructure,0.25,0.2,0.81,1474,0.31,0.22,1141,3390,1229,318.91,0.93,1.19,0.07,10.77,0.18,1272,581,4504,8.31,29.46,1.05,10.35,40.84,9.02,153,34.59,4.81,9.22,0.01,46628,0.93,3.15,35.36,48932
"Roper Technologies, Inc.",Specialty Industrial Machinery,0.38,0.2,0.68,2012,0.13,0.27,2213,3917,1319,465.86,0.12,0.78,0.04,70.51,0.09,351,8154,5777,3.33,54.87,0.42,9.49,24.76,15.26,105,107.53,10.54,4.33,0.01,54813,0.12,2.79,30.53,49141
American Electric Power Company,UtilitiesRegulated Electric,0.37,0.15,0.46,3884,0.14,0.21,6093,6966,-1712,96.84,0.05,0.58,0.03,168.29,0.11,1591,37911,16341,3.16,32.77,0.39,4.91,13.15,4.97,496,44.24,4.76,2.19,0,80164,0.06,3.44,19.48,48070
Cognizant Technology Solutions,Information Technology Services,0.18,0.12,0.37,2495,0.14,0.15,3348,6914,1801,91.51,0.85,2.08,0.1,13.8,0.19,2719,1655,18506,5.18,35.12,1.87,2.38,13.17,4.52,525,21.99,3.54,4.16,0,44087,0.82,1.61,20.25,48622
The Kraft Heinz Company,Packaged Foods,0.26,0.09,0.34,4051,-0.02,0.22,6701,9171,3095,39.29,0.21,1.13,0.04,47.92,0.05,2272,24075,26272,1.86,21.45,0.5,2.56,10.02,2.64,1224,40.82,1.86,0.96,0.02,67175,0.23,-5.44,14.88,48092
"Autodesk, Inc.",SoftwareApplication,0.19,0.31,0.92,1466,0.18,0.16,784,3484,1292,212.14,0.03,0.81,0.06,238.26,1.96,1792,3050,4214,8.15,19.18,0.72,14.82,79.59,6.83,219,5.81,5.93,36.5,0,62451,0.03,1.92,31.06,46665
Johnson Controls International,Engineering andConstruction,0.18,0.07,0.34,2487,0.07,0.14,4169,8059,2693,66.24,-0.37,1.1,0.05,48.6,0.09,1336,9114,23668,1.9,33.03,0.78,2.77,15.72,3.5,704,24.78,2.27,2.67,0,65555,-0.39,1.4,18.93,46654
"Paychex, Inc.",Staffing andEmployment Services,0.43,0.3,0.7,1385,0.13,0.39,1869,2785,1313,128.71,0.21,1.27,0.11,28.63,0.43,1012,893,4332,2.81,12.02,0.46,11.15,25.85,3.87,360,8.65,3.52,14.88,0.11,48318,0.22,3.01,33.26,46433
"IDEXX Laboratories, Inc.",Diagnostics and Research,0.32,0.23,0.59,756,0.11,0.29,1036,1889,534,538.93,-0.06,1.25,0.25,149.43,1.13,144,1031,3215,1.72,37.74,0.75,13.83,42.9,9.41,84,8.89,8.72,60.61,0.01,44466,-0.07,3.16,57.27,45697
"DexCom, Inc.",Medical Devices,0.19,0.23,0.69,509,0.3,0.16,447,1280,-89,480.97,-0.03,4.97,0.05,88.17,0.29,2697,1884,2319,27.84,24.03,4.39,21.06,109.23,3.62,96,22.04,5.3,21.82,0,48835,-0.02,9.92,132.86,46616
Amphenol Corporation,Electronic Components,0.24,0.15,0.31,1540,0.25,0.2,2564,3401,803,75.67,0.27,2.44,0.1,79.18,0.27,1241,5051,10876,2.07,18.19,1.51,4.54,19.27,2.67,598,9.95,2.38,7.61,0.01,49412,0.3,2.5,28.34,45252
"Cadence Design Systems, Inc.",SoftwareApplication,0.31,0.23,0.9,1021,0.13,0.26,923,2377,797,158.84,0.09,1.7,0.12,13.2,0.28,1013,347,2975,3.66,10.87,1.49,16.39,52.78,3.56,277,9.49,2.48,16.73,0.01,48747,0.09,3.28,44.62,44021
"The Travelers Companies, Inc.",InsuranceProperty andCasualty,0.16,0.11,0.28,7483,0.06,0.14,5632,8085,14152,187.75,-0.19,0.36,0.03,25.6,0.13,5571,7290,34201,22.65,136.29,0.19,1.19,7.25,12.55,246,115.75,14.28,1.62,0,40833,-0.2,1.48,14.96,46188
The Hershey Company,Confectioners,0.26,0.16,0.45,2083,0.06,0.23,2363,4053,1174,214.37,0.16,0.9,0.13,194.98,0.59,329,5376,8971,1.6,43.4,0.4,5.44,20.66,7.52,145,12.27,6.89,17.47,0,48841,0.15,3.01,28.51,44161
"Chipotle Mexican Grill, Inc.",Restaurants,0.14,0.09,0.38,1282,0.22,0.11,1084,2904,707,1556.37,-0.3,1.58,0.08,153.23,0.3,1076,3520,7547,38.4,268.27,1.45,5.24,36.48,33.14,28,82.08,24.91,18.96,0.01,39557,-0.3,1.47,46.96,43789
Exelon Corporation,UtilitiesDiversified,0.29,0.05,0.31,4154,0.01,0.15,10243,10033,-118,45.51,1.41,0.94,0.02,121.72,0.05,2956,41701,34829,3.02,35.63,0.52,2.28,7.77,3.32,978,34.6,1.71,1.32,0,79556,1.4,-43.47,13.71,44523
Microchip Technology Incorporat,Semiconductors,0.43,0.15,0.64,2544,0.3,0.25,2758,3378,2036,77.16,8.02,1.81,0.06,136.19,0.17,315,7904,6443,0.57,11.74,1.02,7.33,17.11,4.91,554,10.28,1.14,7.51,0.02,47207,8.75,1.08,15.71,42813
TE Connectivity Ltd. New Switze,Electronic Components,0.23,0.16,0.33,2568,0.08,0.18,3572,4887,1404,132.24,0.5,1.7,0.08,36.39,0.23,990,4049,15219,3.04,46.26,0.9,3.23,13.78,7.91,326,32.52,6.79,4.07,0,49216,0.49,1.6,16.72,43151
"Arista Networks, Inc.",Computer Hardware,0.33,0.28,0.64,978,0.24,0.31,904,1481,596,138.4,0.33,5.06,0.11,1.59,0.23,3386,62,2772,11.02,9.07,4.23,14.17,43.42,3.44,307,12.57,2.46,11.01,0.27,39283,0.33,2.8,40.23,42530
"IQVIA Holdings, Inc.",Diagnostics and Research,0.17,0.06,0.33,3000,0.22,0.09,2342,3859,2491,224.76,1.58,0.94,0.03,215.01,0.13,1574,12533,13536,8.24,70.7,0.82,4.59,26.55,10.15,191,30.5,3.93,7.37,0.01,62190,1.58,1.36,22.14,42938
"Simon Property Group, Inc.",REITRetail,0.72,0.41,0.81,3648,0.22,0.46,3554,3716,1841,130.17,3.34,0.39,0.04,589.32,0.7,438,26093,4921,1.33,15.12,0.37,16.32,22.59,6.09,328,10.15,6.18,12.82,0,80304,3.64,2.94,21.37,42776
Cintas Corporation,Specialty Business Services,0.24,0.16,0.47,1382,0.09,0.2,1749,3314,829,413.32,0.05,1.22,0.11,73.58,0.32,113,2622,7431,1.09,71.23,0.54,5.96,25.31,11.98,103,34.37,10.7,12.02,0.15,44285,0.03,3.32,34.5,42846
"Constellation Brands, Inc.",BeveragesWineries andDistilleries,0.38,-0.01,0.53,2887,-0.05,0.34,3252,4574,1760,229.41,-0.62,1.5,0.07,90.09,0,361,10402,8671,1.93,45.24,0.57,5.8,15.46,11.86,164,59.57,3.87,3.85,0.04,50292,-0.63,2.73,19.34,43014
Welltower Inc.,REITHealthcare Facilities,0.38,0.1,0.4,1247,0.2,0.16,1727,1983,1917,96.22,-0.46,1.69,0.01,78.37,0.03,303,14242,4554,0.7,10.84,1.07,11.77,31.04,1.01,435,38.74,1.03,2.48,0,53611,-0.45,8.58,95.27,41882
AFLAC Incorporated,InsuranceLife,0.25,0.19,0.41,5538,-0.08,0.25,5590,7821,3328,65.53,-0.62,0.68,0.02,32.58,0.13,8040,10931,22582,12.15,33.01,0.54,1.89,7.64,5.27,661,50.62,6.17,1.29,0.09,42700,-0.64,2.62,12.43,43349
Sysco Corporation,Food Distribution,0.05,0.01,0.18,1344,0.41,0.03,2800,9356,493,80.91,1.52,1.32,0.06,944.61,0.58,1374,11843,60738,2.71,118.68,0.75,0.82,17.84,4.21,512,3.27,1.33,24.77,0,49955,1.49,0.44,19.22,41479
Kroger Company ,Grocery Stores,0.04,0.01,0.23,5709,0.07,0.02,5549,31789,3747,57,-0.2,0.8,0.03,218.16,0.1,2288,20706,135577,3.11,180.65,0.25,0.38,9.22,3.39,735,12.9,1.32,4.42,0.01,51160,-0.23,2.02,16.81,41909
Monster Beverage Corporation,Beverages Non Alcoholic,0.35,0.29,0.57,1343,0.13,0.34,1842,2723,1066,78.7,-0.03,4.7,0.17,0.32,0.28,2936,20,5312,5.55,10.05,4.06,9.19,26.48,2.94,529,11.8,2.86,6.67,0.29,48801,-0.03,2.66,26.77,41643
"Kinder Morgan, Inc.",Oil andGas Midstream,0.43,0.11,0.5,5708,0.31,0.29,6559,6680,1498,19.07,0.08,0.46,0.04,103.76,0.06,229,32843,15299,0.1,6.76,0.28,4.66,10.87,1.03,2267,13.48,0.77,1.42,0.12,71308,0.09,1.71,18.51,43239
Nucor Corporation,Steel,0.24,0.16,0.26,4112,1.09,0.22,7682,2248,901,157.62,10.49,2.53,0.19,41.69,0.42,2011,5816,31379,7.04,105.23,1.27,1.2,4.92,16.72,285,46.97,16.58,3.36,0,37790,10,0.14,9.43,45047
"Republic Services, Inc.",Waste Management,0.3,0.11,0.41,2787,0.15,0.19,3343,4648,1247,131.5,0.34,0.71,0.05,110.05,0.15,29,9882,11294,0.09,35.43,0.64,4.46,15.06,4.63,317,27.94,3.79,4.71,0,50344,0.33,3.12,28.4,41697
"Agilent Technologies, Inc.",Diagnostics and Research,0.27,0.19,0.54,1485,0.12,0.22,1724,3407,1134,135.71,1.03,2.22,0.09,54.02,0.24,1575,2911,6319,5.21,20.79,1.65,7.11,26.03,4.7,302,17.83,3.94,7.61,0,44896,0.99,2.99,28.87,40984
Kimberly-Clark Corporation,Household andPersonal Products,0.18,0.09,0.32,2730,0.03,0.15,3591,6142,1321,120.28,-0.34,0.82,0.1,1237.86,2.3,270,9123,19440,0.8,57.63,0.37,2.69,14.53,6.75,336,1.41,5.88,85.43,0,52190,-0.34,-24.22,17.82,40500
"Williams Companies, Inc. ",Oil andGas Midstream,0.43,0.1,0.52,3920,0.48,0.24,4223,4780,1547,33.88,-0.48,0.58,0.03,160.66,0.07,214,22362,9898,0.18,8.15,0.45,5.8,13.59,1.28,1215,9.2,0.82,3.68,0,57393,-0.47,10.42,26.47,41165
"General Mills, Inc.",Packaged Foods,0.21,0.12,0.34,3054,0.07,0.18,3974,6450,910,67.39,-0.13,0.85,0.07,122.24,0.23,1021,12672,18607,1.69,30.42,0.36,2.87,13.45,3.92,603,15.79,3.63,4.27,0,53444,-0.13,3.89,17.19,40650
Carrier Global Corporation,Building Products andEquipment,0.14,0.08,0.29,2237,0.12,0.12,2905,6008,55,46.39,-0.63,1.72,0.06,145.94,0.25,2987,10353,20612,3.49,23.76,0.89,2.27,16.09,2.34,866,7.96,2.49,5.83,0,46747,-0.63,1.68,19.82,40200
Baxter International Inc.,Medical Instruments andSupplies,0.23,0.1,0.4,2241,0.09,0.16,2840,4733,1373,77.21,0.29,2.37,0.06,73.06,0.14,3257,6440,12451,6.51,24.68,1.58,3.73,16.36,4.38,500,17.52,2.38,4.41,0,46466,0.26,2.18,17.63,38658
"Digital Realty Trust, Inc.",REITOffice,0.51,0.39,0.6,1702,0.01,0.17,2250,2647,1691,138.23,22.54,0.63,0.01,81.94,0.09,142,15179,4426,0.5,15.67,0.63,12.43,24.44,1.55,283,58.28,2.37,2.37,0,55009,17.51,2.77,89.18,39227
Allstate Corporation ,InsuranceProperty andCasualty,0.16,0.03,0.28,5116,0.19,0.14,8085,13969,21408,141.8,-0.68,0.44,0.04,33.6,0.19,4773,8443,50588,17.15,171.6,0.24,0.78,4.9,10.62,286,85.97,10.83,1.65,0.01,39646,-0.69,-1.81,13.35,40650
Xcel Energy Inc.,UtilitiesRegulated Electric,0.34,0.12,0.4,2253,0.09,0.17,4406,4914,-2596,70.7,-0.01,0.78,0.02,163.63,0.11,695,24825,13022,1.29,24.26,0.41,4.68,13.84,3.17,538,28.18,2.92,2.51,0,60959,0.01,3.34,22.3,38084
Global Payments Inc.,Specialty Business Services,0.4,0.11,0.55,2797,0.15,0.2,3303,3811,2877,136.19,0.37,1.15,0.02,43.17,0.04,2347,11378,8259,8.09,27.95,0.65,6.23,15.57,9.59,290,90.14,3.17,1.51,0.01,51434,0.34,0.88,14.2,39515
Parker-Hannifin Corporation,Specialty Industrial Machinery,0.22,0.12,0.28,2226,0.12,0.18,3289,3932,-676,290.43,-0.13,1.5,0.08,96.39,0.23,489,8452,15292,3.81,118.66,0.52,2.95,13.72,19.53,128,66.07,14.35,4.4,0,45129,-0.14,1.65,14.87,37324
"Old Dominion Freight Line, Inc.",Trucking,0.31,0.2,0.38,1213,0.31,0.26,1651,2000,528,313.76,0.5,2.98,0.19,5.51,0.3,716,203,5256,6.24,45.45,2.84,6.5,20.69,10.29,115,29.73,8.09,10.55,0.12,34175,0.47,1.39,30.49,36085
Trane Technologies plc,Specialty Industrial Machinery,0.16,0.1,0.32,1788,0.06,0.14,2234,3827,1518,155.58,0.02,1.62,0.07,74.62,0.21,2738,4841,13746,11.53,57.4,1.2,3.52,21.68,6.98,237,27.26,5.56,5.71,0,48435,0.01,1.44,22.29,36956
Electronic Arts Inc.,Electronic Gaming andMultimedia,0.22,0.12,0.73,1416,0.59,0.17,1420,4135,1405,127.32,0.62,1.31,0.06,27.94,0.1,1972,2195,6396,6.97,22.29,1.16,5.95,26.8,7.53,282,27.7,2.71,4.6,0.01,38062,0.59,0.73,16.91,36007
"Dollar Tree, Inc.",Discount Stores,0.1,0.05,0.3,2001,0.04,0.08,2683,7824,837,156.41,-0.31,1.25,0.06,134.86,0.19,701,9770,26008,3.12,112.92,0.16,1.57,15.2,7.47,224,32.21,5.94,4.86,0.01,40778,-0.34,1.7,20.94,35185
ResMed Inc.,Medical Instruments andSupplies,0.32,0.15,0.58,527,0.2,0.29,1073,1889,582,240.33,0.14,2.54,0.13,31.4,0.18,309,950,3348,2.12,23.02,1.46,10.57,32.97,6.82,145,20.77,3.41,11.57,0.01,35398,0.14,1.75,35.24,35021
LyondellBasell Industries NV,Specialty Chemicals,0.19,0.12,0.19,7695,0.62,0.16,8608,8776,4114,107.69,-0.14,1.69,0.13,115.8,0.56,1488,13882,46172,4.54,138.24,0.93,0.94,5.07,15.21,332,35.37,17.12,3.04,0.22,43612,-0.15,0.11,7.08,35837
Arthur J. Gallagher & Co.,Insurance Brokers,0.24,0.12,0.37,1506,0.17,0.18,1887,2510,829,168.06,0.18,1.3,0.04,68.39,0.14,2735,5792,7721,13.2,38.81,0.96,4.9,20.03,5.97,207,40.62,4.62,4.14,0.01,37811,0.28,2.53,28.15,34835
"Ameriprise Financial, Inc.",Asset Management,0.32,0.21,0.56,3325,0.18,0.31,4283,7588,-6342,314.63,3.17,3.22,0.02,67.56,0.48,8378,3841,13443,75.66,114.6,2.48,2.06,6.45,24.64,111,50.77,18.4,6.2,0,27624,2.96,0.57,12.77,35203
"Align Technology, Inc.",Medical Devices,0.27,0.2,0.74,1173,0.24,0.25,1081,2935,796,430.44,0.2,1.3,0.11,2.83,0.23,1171,103,3952,14.87,50.09,1.08,9.8,35.82,13.42,78,44.6,9.28,9.65,0.07,38753,0.2,1.3,32.07,33941
"AvalonBay Communities, Inc.",REITResidential,0.59,0.44,0.62,1169,0.03,0.27,1352,1479,975,247.24,-0.46,1.04,0.02,73.71,0.09,325,7954,2276,2.34,16.34,0.48,18.98,31.97,3.92,139,77.38,7.24,3.2,0,43223,-0.47,17.38,63.07,34549
"T. Rowe Price Group, Inc.",Asset Management,0.51,0.4,0.61,3452,0.13,0.49,3946,4678,2753,148.92,-0.04,1.57,0.2,3.54,0.32,1523,363,7671,6.68,33.86,1.57,4.13,8.04,13.35,229,36.52,13.27,4.08,0.02,31718,-0.06,1.26,11.16,34132
eBay Inc.,Internet Retail,0.3,1.07,0.73,3122,0.11,0.25,3475,7798,2165,57.42,-0.57,3.35,0.08,85.03,0.28,14561,9307,11662,23.26,17.34,2.87,3.01,10.11,4.52,626,17.29,18.28,3.32,0.04,35116,-0.6,1.31,12.7,35945
"Verisk Analytics, Inc.",Consulting Services,0.45,0.24,0.64,1216,0.08,0.36,1319,1790,820,208,0.11,0.51,0.09,124.74,0.27,306,3410,2945,1.9,18.17,0.43,13.19,29.45,5.98,161,16.82,4.28,12.37,0.01,38857,0.09,4.32,34.78,33521